case,method,seed,n_train,n_train_aug,epochs,train_time,kl,kl_se,ess,inside,rejection,zhat
multimodal,circ_affine,1,5000,4500,33,8.96976900100708,0.06776237395270322,0.0026380244990748705,0.8532664668388554,1.0,0.027640871249444993,1.014993154716515
multimodal,circ_affine,2,5000,4500,38,11.4929358959198,0.04857631677741001,0.0022602316762739315,0.9010311151418291,1.0,0.06759669877269162,1.014279434649327
multimodal,circ_affine,3,5000,4500,63,19.86834406852722,0.0801304896047111,0.0030011386224630247,0.836868878843819,1.0,0.03658643335764621,0.9815752854201063
multimodal,circ_affine_realshift,1,5000,4500,38,21.63269877433777,0.06368569618924115,0.002513075365261167,0.8786586862419207,1.0,0.06369362107758703,1.017584634493555
multimodal,circ_affine_realshift,2,5000,4500,46,31.084870100021362,0.06153159653300236,0.0026128621593573234,0.8754156685436288,1.0,0.055197021809807775,1.0227225248705867
multimodal,circ_affine_realshift,3,5000,4500,59,33.46081495285034,0.07323927636647182,0.0027111055051491696,0.7814214094275947,1.0,0.012580379091494247,1.0082302812979902
multimodal,circ_affine_realshift,4,5000,4500,83,44.735021114349365,0.11170262840943358,0.0035390922939750914,0.6643900041786402,1.0,0.011456864560718458,1.006247204025778
multimodal,circ_affine_realshift,5,5000,4500,53,28.011154651641846,0.06927522833802109,0.002666905135989453,0.82991224589191,1.0,0.023653953441757056,1.0194226468090721
multimodal,circ_affine_realshift,6,5000,4500,45,16.53486394882202,0.06944303680609051,0.002590939639110866,0.8643657939606844,1.0,0.03706449706520637,1.0165711525707275
multimodal,circ_affine_realshift,7,5000,4500,49,16.135934114456177,0.05749551025937726,0.002465134463187589,0.871953574178061,1.0,0.04110264812202251,1.0094815615576236
multimodal,circ_affine_realshift,8,5000,4500,39,15.541352272033691,0.050611960550482005,0.0021873991308724748,0.8986730415663943,1.0,0.07498997289250409,1.031231002952678
multimodal,circ_spline,1,5000,4500,47,15.30861496925354,0.06390375289185499,0.00272110567742464,0.8689060652012869,1.0,0.08386129752806344,0.9692643408251804
multimodal,circ_spline,2,5000,4500,41,15.186361074447632,0.05632844003790806,0.0027292701136519956,0.858286225435996,1.0,0.03467773299393964,0.9936730878887728
multimodal,circ_spline,3,5000,4500,43,19.742806911468506,0.07580384163165049,0.0029783225433401895,0.7620602676185326,1.0,0.01210980655818849,1.0062705424555007
multimodal,circ_spline,4,5000,4500,50,48.88674998283386,0.10323682461934114,0.0032346132607465475,0.7784590032708869,1.0,0.026284244936019,0.9734777969412679
multimodal,circ_spline,5,5000,4500,41,22.287010669708252,0.07518722091175918,0.002795994356181577,0.8590827752816717,1.0,0.05009915369751647,0.9720087456295626
multimodal,circ_spline,6,5000,4500,46,21.04729700088501,0.07520245714138334,0.002882027710646183,0.8690005844575065,1.0,0.07783292577316517,0.9689864305201701
multimodal,circ_spline,7,5000,4500,40,21.816789388656616,0.0745685243399017,0.0026887257233850366,0.8150895949311195,1.0,0.01746951603170004,0.9816734862298581
multimodal,circ_spline,8,5000,4500,47,26.286063194274902,0.06544612034195159,0.0026576988136186187,0.8773054524689795,1.0,0.12397481809231638,0.9910014044979154
multimodal,circ_spline_noshift,1,5000,4500,39,12.372056245803833,0.101772811798887,0.0032037914703220414,0.8096956367617734,1.0,0.03996603937106085,0.9449238129663202
multimodal,circ_spline_noshift,2,5000,4500,38,13.971145391464233,0.11322299898022602,0.003567587726979945,0.7818623352037469,1.0,0.04237455545033754,0.9669954308888712
multimodal,circ_spline_noshift,3,5000,4500,53,19.75396156311035,0.11402217268252329,0.0037113464437632288,0.6752834397371204,1.0,0.012021023342904546,0.9567231391892226
multimodal,circ_spline_realshift,1,5000,4500,51,15.653347492218018,0.06832621332867596,0.002601814329556092,0.8647053947701414,1.0,0.05439307910067179,0.9796099330168672
multimodal,circ_spline_realshift,2,5000,4500,44,15.426146507263184,0.08524052391404101,0.0031175722941028353,0.826140841288441,1.0,0.033362262365534745,0.9944197622926582
multimodal,circ_spline_realshift,3,5000,4500,45,17.23407530784607,0.07065556167864756,0.0027607644994125627,0.8455574404657593,1.0,0.06463735707153402,0.9907383703773641
multimodal,circ_spline_realshift,4,5000,4500,50,29.135958194732666,0.06146478637414001,0.002559686830644059,0.6974628656039336,1.0,0.008552754069059702,0.9984450344720198
multimodal,circ_spline_realshift,5,5000,4500,41,30.02811861038208,0.06877596413351898,0.002756831510129454,0.8527768541237795,1.0,0.050954188167459835,0.9783896245199916
multimodal,circ_spline_realshift,6,5000,4500,38,23.626587390899658,0.08152014175604169,0.002873153096579766,0.8492784174536024,1.0,0.07196347878115888,1.0114813708172674
multimodal,circ_spline_realshift,7,5000,4500,43,20.517003774642944,0.06274306994985272,0.002485356750205629,0.8767588740698773,1.0,0.0650738009048742,1.0005402626527324
multimodal,circ_spline_realshift,8,5000,4500,32,13.903596878051758,0.09261682843797896,0.0029502408063241427,0.8218229432380266,1.0,0.07115461538563222,1.0316669893444406
multimodal,nsf_box,1,5000,4500,53,22.184062004089355,0.07738597281044177,0.0033072062580227434,0.8189951603665712,0.97098,0.052749274591884325,0.9638472951357594
multimodal,nsf_box,2,5000,4500,59,17.05782985687256,0.10925973459276245,0.0037480998176057183,0.42972062071835593,0.96782,0.00441139070376797,0.9420829879810282
multimodal,nsf_box,3,5000,4500,72,26.369277000427246,0.12413226677841567,0.003975378198780932,0.720641563908831,0.9621,0.02883616423931204,0.9786537271701431
multimodal,nsf_box,4,5000,4500,81,53.68507409095764,0.09098261198743118,0.003405652445342988,0.6873715246486531,0.97406,0.010373681444213257,0.9661097033933504
multimodal,nsf_box,5,5000,4500,90,45.96967101097107,0.09731162953472641,0.003924292042891644,0.7887355555373438,0.98556,0.02485476550773477,0.9600037175818983
multimodal,nsf_box,6,5000,4500,56,29.148521661758423,0.09059768855311057,0.0034736421824755606,0.8058120313977813,0.97406,0.054072705706974,0.9649700818538764
multimodal,nsf_box,7,5000,4500,44,21.670974016189575,0.09700463522844102,0.0035569365995368517,0.7482082946432244,0.95702,0.02242163309404657,0.9741467683842094
multimodal,nsf_box,8,5000,4500,61,25.25099492073059,0.08140212144517772,0.0033720087159443677,0.7694769063104464,0.97234,0.02077828182882673,0.9855590516843206
multimodal,nsf_chi,1,5000,4500,46,19.071518898010254,0.2989622600652855,0.005851086333813566,0.5743860948062084,1.0,0.018145925680402398,0.7836969576319609
multimodal,nsf_chi,2,5000,4500,65,20.525959730148315,0.3433192507091134,0.006790340049070929,0.48122821224742374,1.0,0.010316761020587178,0.8059890304620075
multimodal,nsf_chi,3,5000,4500,49,19.106529235839844,0.2961481878485837,0.006009238342977539,0.5789922684116229,1.0,0.01640955499322268,0.7749427474176672
multimodal,nsf_ghost_discard,1,5000,7936,60,30.2147114276886,0.06295241440762947,0.0028010703130018893,0.49190395412806015,0.5772,0.06774055271347872,0.9655687863742244
multimodal,nsf_ghost_discard,2,5000,7861,74,34.092682123184204,0.05882895429948326,0.0027171024754784746,0.4863053796591936,0.57284,0.02252474162283448,0.9582133256792351
multimodal,nsf_ghost_discard,3,5000,7968,94,47.76124858856201,0.03726869949775426,0.002681644921970848,0.4960958174093657,0.56696,0.031045957686831008,0.93387753055946
multimodal,nsf_ghost_fold,1,5000,7936,60,30.2147114276886,0.14458349204194065,0.00361510598895078,0.752057281237658,0.9977,0.04206877870539779,0.997223329059054
multimodal,nsf_ghost_fold,2,5000,7861,74,34.092682123184204,0.11975051442744852,0.003481832563563208,0.7763898830722835,0.99764,0.06145325007644934,1.0029357856831704
multimodal,nsf_ghost_fold,3,5000,7968,94,47.76124858856201,0.14792854801720678,0.0038573866136494953,0.7362727601362343,0.99894,0.051746517385043135,0.9976084105438118
multimodal,nsf_ghostpou_fold,1,5000,11833,60,44.954962968826294,0.0619931053919083,0.002434658639425877,0.8773321443648429,0.99188,0.11855367678612441,1.0004028473068063
multimodal,nsf_ghostpou_fold,2,5000,11909,86,75.27687478065491,0.05018312137342456,0.002364836779756404,0.8979151752882223,0.99784,0.12453716439584937,1.0114504409424578
multimodal,nsf_ghostpou_fold,3,5000,11808,70,44.841554164886475,0.06826424897610611,0.0025739061110357456,0.8712550629518947,0.99682,0.05605338666246117,1.0075471485810514
multimodal,nsf_ghostpou_fold,4,5000,11801,87,117.37098240852356,0.06822998385333882,0.0025153646772643483,0.8818258384099573,0.99718,0.15142588988053407,1.0047302158474267
multimodal,nsf_ghostpou_fold,5,5000,11872,87,97.70987343788147,0.04978644927486647,0.002297685089330352,0.8916103235741674,0.99684,0.087475297439299,1.0035697326271136
multimodal,nsf_ghostpou_fold,6,5000,11781,61,58.39486861228943,0.05920354105757633,0.002455537023117739,0.89606276555575,0.99664,0.1607975739118522,1.00625475866574
multimodal,nsf_ghostpou_fold,7,5000,11777,79,93.22898387908936,0.05005500690600388,0.0022060745397946015,0.9022388304891922,0.99612,0.09799744782236412,1.0027516971111121
multimodal,nsf_ghostpou_fold,8,5000,11866,70,59.23855686187744,0.04772395751171377,0.0022409759940865406,0.9026314003995229,0.9953,0.038884758249262706,1.0119675306199145
multimodal,realnvp_box,1,5000,4500,98,29.601268768310547,0.5058080689628603,0.007901848093848337,0.3368005740756942,0.93428,0.008819478438008323,1.0193499048893095
multimodal,realnvp_box,2,5000,4500,93,17.29216766357422,0.34432746364891453,0.005797841233509159,0.4766816969106517,0.94718,0.01712802293217338,1.0123565398986112
multimodal,realnvp_box,3,5000,4500,138,30.963063955307007,0.33863593046360035,0.006017489800778648,0.4797534968746357,0.94902,0.017053010359497217,1.0084434751825306
multimodal,realnvp_chi,1,5000,4500,77,24.468201160430908,0.3753591854908149,0.005946098112470173,0.48614571807884166,1.0,0.01551824418743081,1.0121048353061963
multimodal,realnvp_chi,2,5000,4500,53,10.837407112121582,0.32225194277196817,0.005459912353880444,0.572603877619543,1.0,0.039218767052973495,1.016732299292312
multimodal,realnvp_chi,3,5000,4500,60,12.885526895523071,0.3777629885044255,0.005912948685960312,0.5096840910925567,1.0,0.02132158899038952,1.0108330735693047
multimodal,realnvp_ghost_discard,1,5000,7936,118,48.209437131881714,0.3407869301122144,0.004995200418358431,0.33861090178045766,0.5856,0.02395147109615508,0.9966344563254309
multimodal,realnvp_ghost_discard,2,5000,7861,135,36.0146222114563,0.2448845626787508,0.005440664665513465,0.1875732485743724,0.60732,0.00279694721684386,1.0102691833431494
multimodal,realnvp_ghost_discard,3,5000,7968,152,47.54252004623413,0.2603080002814638,0.0048441361349004465,0.37759214299952515,0.59098,0.03174840465572134,0.9993189339292985
multimodal,realnvp_ghost_fold,1,5000,7936,118,48.209437131881714,0.39235505130220627,0.0056184532682759065,0.4868347140586891,0.99438,0.012011417434816981,0.9940401736888551
multimodal,realnvp_ghost_fold,2,5000,7861,135,36.0146222114563,0.2681363653647721,0.005398372077117764,0.4255959072056222,0.99568,0.005619751494155188,1.00794739183392
multimodal,realnvp_ghost_fold,3,5000,7968,152,47.54252004623413,0.30289896238537933,0.005324816458648859,0.550928330342119,0.9969,0.016521409789793117,1.0003757823731012
multimodal,realnvp_ghostpou_fold,1,5000,11833,62,25.68183970451355,0.3575331014901196,0.004886042732432641,0.4892828483936282,0.99328,0.007462068879228172,1.0153352328128669
multimodal,realnvp_ghostpou_fold,2,5000,11909,173,76.45003271102905,0.1598246605644666,0.0039995701606570806,0.7740254391927154,0.99826,0.0630516064804697,1.0020937011396365
multimodal,realnvp_ghostpou_fold,3,5000,11808,97,35.05777645111084,0.190334650984226,0.003723838268086047,0.7071255305763224,0.99688,0.019566469039264813,1.0117510035728248
peak,circ_affine,1,5000,4500,69,23.904021739959717,0.08420740717611258,0.008826527005961286,0.8349958555454164,1.0,0.04034202730517053,1.0061440252461795
peak,circ_affine,2,5000,4500,205,51.42839193344116,0.44968278500485714,0.2727821257412885,0.8177881477520538,1.0,0.0469253094269431,1.0109761159160584
peak,circ_affine,3,5000,4500,97,34.0943603515625,0.16412564470050833,0.00600300441958685,0.7769118702311028,1.0,0.033319139893271725,1.00869397408902
peak,circ_affine_realshift,1,5000,4500,68,54.50588846206665,0.11036656131706181,0.004741111176302108,0.8148889873063615,1.0,0.045532861566316876,1.0082469946354329
peak,circ_affine_realshift,2,5000,4500,131,102.02599787712097,0.22266757354188257,0.07484033916463341,0.7620076827401754,1.0,0.020360748824357653,1.0105568913446303
peak,circ_affine_realshift,3,5000,4500,135,105.66429710388184,0.13821618360755944,0.012094043591544045,0.8038708928786432,1.0,0.04460176009804971,1.0024120883394327
peak,circ_affine_realshift,4,5000,4500,91,42.60606074333191,0.15755029129805914,0.04379316135922673,0.8277785843004908,1.0,0.043577014982313304,1.0113584835704137
peak,circ_affine_realshift,5,5000,4500,76,40.346266984939575,0.10375907629017377,0.007166448505353187,0.8231212731260843,1.0,0.029241264884288458,1.011229444461536
peak,circ_affine_realshift,6,5000,4500,130,56.955880880355835,0.2781820630086945,0.03434352204877851,0.6781275564729617,1.0,0.030886960601027413,1.012005765434358
peak,circ_affine_realshift,7,5000,4500,78,27.750850915908813,0.06769290175037866,0.0026201939025063963,0.8512697069350572,1.0,0.04010095479757893,1.011384055331292
peak,circ_affine_realshift,8,5000,4500,140,53.197953939437866,0.27815433311108145,0.16219571966518287,0.791264968883529,1.0,0.057375887754856324,1.0039640572505732
peak,circ_spline,1,5000,4500,77,34.26565599441528,0.09255207693538611,0.0030643713400533316,0.8365933464033548,1.0,0.06648036569746639,1.0143133694879247
peak,circ_spline,2,5000,4500,95,30.599050045013428,0.7094358439033059,0.0164425561352712,0.44200539200978367,1.0,0.03016725815337889,1.0138623109701455
peak,circ_spline,3,5000,4500,77,36.84368348121643,0.2521470866370013,0.006208997093179702,0.5859508749550322,1.0,0.009697582413101598,1.0404252273432806
peak,circ_spline,4,5000,4500,115,61.17172574996948,0.07559216673198095,0.007384328565084895,0.881194556316343,1.0,0.07025850046648004,1.013797739130829
peak,circ_spline,5,5000,4500,63,52.049816370010376,0.1728705066609814,0.006469600430079157,0.79755560136742,1.0,0.09877362958901433,1.0260609694739329
peak,circ_spline,6,5000,4500,167,83.51494216918945,0.15343976856604086,0.010437953242397047,0.7372553673594568,1.0,0.012685853017921911,1.0017175893946701
peak,circ_spline,7,5000,4500,103,46.08092141151428,0.10815383636551384,0.0033431245448696844,0.8172833937117508,1.0,0.060970103983436365,1.0174350493134514
peak,circ_spline,8,5000,4500,91,45.172866344451904,0.07297309031132256,0.00601486904091305,0.864614965315563,1.0,0.03834890458902796,1.0335514166618185
peak,circ_spline_noshift,1,5000,4500,126,68.75724673271179,0.08267577934226934,0.004004291008064215,0.8454713918321347,1.0,0.046665666009069025,1.0083130696202254
peak,circ_spline_noshift,2,5000,4500,131,42.40314340591431,0.11720951287198358,0.00462999927481362,0.8223777889449883,1.0,0.04502917921313284,1.0065145817765384
peak,circ_spline_noshift,3,5000,4500,74,33.35226655006409,0.12814225817201635,0.004232239669425658,0.7625118444912696,1.0,0.0337415482108159,1.0203703559147137
peak,circ_spline_realshift,1,5000,4500,78,33.572569131851196,0.10035350414476339,0.003212376697616222,0.8370607900171517,1.0,0.057815089293540005,1.0365024421763984
peak,circ_spline_realshift,2,5000,4500,106,34.85296630859375,0.15960788328099543,0.005795205169119916,0.7398098633385902,1.0,0.0401182765661859,1.0360772492900119
peak,circ_spline_realshift,3,5000,4500,114,46.75295376777649,0.15604916358469031,0.004181358232960417,0.7457649401071181,1.0,0.10323681722873589,1.0153777989109591
peak,circ_spline_realshift,4,5000,4500,80,57.54846549034119,0.18090242224755637,0.004815044322182123,0.6456210696174676,1.0,0.014586452643275483,1.0178771323875557
peak,circ_spline_realshift,5,5000,4500,72,43.793312549591064,0.08206847272400403,0.005891423531608721,0.8795653426920484,1.0,0.06737327300267704,1.0222551830588897
peak,circ_spline_realshift,6,5000,4500,90,46.93098974227905,0.1430470954312371,0.006809143576691714,0.507253304656001,1.0,0.005311585228378881,1.0313373281835119
peak,circ_spline_realshift,7,5000,4500,65,32.620986223220825,0.11055649822550301,0.0029376750030713056,0.8068620414255278,1.0,0.022351451628042595,1.043164529665085
peak,circ_spline_realshift,8,5000,4500,99,41.538859844207764,0.09118713035229241,0.005183248048570631,0.8255265942754885,1.0,0.02270609896413896,1.027554991112266
peak,nsf_box,1,5000,4500,113,39.9139039516449,0.2022992718811672,0.0474600800251662,0.791119533991418,0.98176,0.03606670122587701,1.0127887011268741
peak,nsf_box,2,5000,4500,94,24.79668140411377,0.1123456837052594,0.003655785489295175,0.5393925650087356,0.98954,0.005315641321532979,1.021632257530241
peak,nsf_box,3,5000,4500,36,13.780596256256104,0.5718692584329783,0.020370572802807036,0.4132974374120768,0.9853,0.017629654308939702,1.0445457160642542
peak,nsf_box,4,5000,4500,90,44.663249015808105,0.12477058413524451,0.006357797077953227,0.7873776963926513,0.97616,0.054742489520549734,1.000679491981464
peak,nsf_box,5,5000,4500,59,39.48090887069702,0.10195961389286098,0.011694120530088293,0.8445372659681729,0.9787,0.09638932301960143,1.0124177100506433
peak,nsf_box,6,5000,4500,66,26.640806674957275,0.46380067925251195,0.018676180799815395,0.7133458892911442,0.9686,0.028872783648519584,1.0384808937431542
peak,nsf_box,7,5000,4500,54,23.00212025642395,0.16922931428612756,0.012700039294467757,0.7475661974323822,0.97606,0.027163469627921395,0.9850601600969572
peak,nsf_box,8,5000,4500,68,29.844494342803955,0.14814992261070092,0.01378634606718962,0.8349859450703616,0.98028,0.11559644281334384,0.9971316564152579
peak,nsf_chi,1,5000,4500,131,44.642768144607544,0.3420847810685275,0.008788231509638159,0.4031049153433856,1.0,0.010493398503367925,0.996008951854349
peak,nsf_chi,2,5000,4500,111,30.96051526069641,0.35683713752083485,0.012643998301863022,0.39190005003122375,1.0,0.009594075581271105,1.009061419986362
peak,nsf_chi,3,5000,4500,61,20.543956995010376,0.40484688004334357,0.007722882205298139,0.3749492197749539,1.0,0.010741877494616952,1.0310207795701847
peak,nsf_ghost_discard,1,5000,6987,91,44.74691820144653,0.21942686409142875,0.0046229440986816335,0.5644565231829529,0.66036,0.020399062338511006,1.0444208031581625
peak,nsf_ghost_discard,2,5000,6960,63,23.885706663131714,0.25016124642711596,0.0051631752596850156,0.5134441600382759,0.6523,0.04104865798249808,1.0277357242677212
peak,nsf_ghost_discard,3,5000,6919,60,27.852903366088867,0.847782464220221,0.008902576531127615,0.4358398712359608,0.66408,0.02048694078197433,1.047455522274795
peak,nsf_ghost_fold,1,5000,6987,91,44.74691820144653,0.2496676187156945,0.005371267768631351,0.173329792191606,0.99718,0.003481497568940613,1.431704151633844
peak,nsf_ghost_fold,2,5000,6960,63,23.885706663131714,0.20144762220415435,0.0046419933099969704,0.5027922712681981,0.9989,0.015157655056297722,1.109700711176143
peak,nsf_ghost_fold,3,5000,6919,60,27.852903366088867,0.5939575179256702,0.008090126724640621,0.019387507174299247,0.9984,0.0014355284277469637,2.875397044500545
peak,nsf_ghostpou_fold,1,5000,8894,99,50.75915193557739,0.1529078145892669,0.0038770923488393397,0.3549347843937746,0.99362,0.011519257723875657,1.4390130607726788
peak,nsf_ghostpou_fold,2,5000,8955,48,27.252841234207153,0.19377936199673507,0.003916353215306591,0.6968448819061908,0.9942,0.023980654790896005,1.1580817189179036
peak,nsf_ghostpou_fold,3,5000,8872,80,37.38191103935242,0.3513981141158997,0.00643724893802249,0.01607743121106901,0.99496,0.001706687798117377,2.5065917995903733
peak,nsf_ghostpou_fold,4,5000,8934,72,70.06591606140137,0.40076039511151,0.006106808961985224,0.021964887764521185,0.99412,0.0015768583240358047,2.430860619467771
peak,nsf_ghostpou_fold,5,5000,8890,100,105.71205234527588,0.07653335494588373,0.0026847505744945974,0.8606534577810976,0.99806,0.09846203035759615,1.0134083249658414
peak,nsf_ghostpou_fold,6,5000,8935,75,63.01153230667114,0.35495486462737164,0.0056499496537318755,0.17616297720964183,0.98612,0.0031856107332596936,1.506731185470933
peak,nsf_ghostpou_fold,7,5000,8911,57,44.395004749298096,0.07788545187742958,0.002836987806899658,0.7330931122918072,0.99566,0.013229903156017521,1.0821374592938509
peak,nsf_ghostpou_fold,8,5000,8843,66,51.45087170600891,0.0823292965393342,0.0028039414751000326,0.7851168693439027,0.9925,0.015290103894304585,1.0299137983289701
peak,realnvp_box,1,5000,4500,55,10.026368856430054,1.576196498285126,0.14167084431732704,0.26746124858599646,0.96128,0.014341325059521012,1.0235714365985433
peak,realnvp_box,2,5000,4500,53,9.108788251876831,0.7651284749029983,0.023080939398432965,0.5744444347844162,0.96078,0.02814285796472447,1.0254835232189732
peak,realnvp_box,3,5000,4500,35,7.2948362827301025,2.167301398150111,0.025434840117421025,0.05948573347457005,0.89076,0.0019848070554329745,1.0274467790400097
peak,realnvp_chi,1,5000,4500,121,20.463130474090576,0.6370302059590457,0.00957518591257801,0.14056540877544746,1.0,0.002303805998976515,1.0203600099178827
peak,realnvp_chi,2,5000,4500,101,17.38426947593689,0.48016167808823296,0.012665163041053916,0.4038786472749234,1.0,0.010547827975705283,1.008188195359515
peak,realnvp_chi,3,5000,4500,170,31.621564626693726,0.5320777082212725,0.011546182222835174,0.2802405536655515,1.0,0.006185208862767369,1.0118354781181607
peak,realnvp_ghost_discard,1,5000,6987,124,35.06949734687805,0.44816095160443736,0.005090223532748282,0.3414241117277198,0.62012,0.0403290597288742,1.0155589631719628
peak,realnvp_ghost_discard,2,5000,6960,124,28.161473035812378,0.32153439625461694,0.11285695563606381,0.4841766254396235,0.7002,0.016878410180753586,1.0127407069652163
peak,realnvp_ghost_discard,3,5000,6919,84,24.062655210494995,0.3365176252816753,0.0044374289513691495,0.4029390038558142,0.66882,0.013083992210695235,1.008028575924011
peak,realnvp_ghost_fold,1,5000,6987,124,35.06949734687805,0.45342818835815735,0.00437349744500337,0.5020527521436329,0.99532,0.011258857425614688,1.0346087661824115
peak,realnvp_ghost_fold,2,5000,6960,124,28.161473035812378,0.28813027594440244,0.11287299716378696,0.6129959364086464,0.99808,0.008044939829411346,1.011721768964535
peak,realnvp_ghost_fold,3,5000,6919,84,24.062655210494995,0.33958566132948,0.004429890281444726,0.5632184128873781,0.99714,0.04382374677476677,1.0573084648772255
peak,realnvp_ghostpou_fold,1,5000,8894,139,42.15955090522766,0.856589875382579,0.007106848009388939,0.0042127300612463565,0.9868,0.00048337904976091623,2.1278826533814645
peak,realnvp_ghostpou_fold,2,5000,8955,128,44.85124707221985,0.2936301120243148,0.007503194177591757,0.02811762905108864,0.99712,0.001587975450954251,1.400983277719799
peak,realnvp_ghostpou_fold,3,5000,8872,128,34.44930696487427,0.1755692309484106,0.003017015589077866,0.7827759621947901,0.99706,0.13184064285343403,1.010068320391936
stripe,circ_affine,1,5000,4500,73,18.436317920684814,0.17467225151401697,0.004412796523310342,0.6446495418414175,1.0,0.025683989464619875,0.9820382967890312
stripe,circ_affine,2,5000,4500,86,24.067073345184326,0.25062790188556366,0.0053330361091212496,0.5201565364547514,1.0,0.013480915147719518,1.0085439215677896
stripe,circ_affine,3,5000,4500,121,43.16292119026184,0.151486253931534,0.004077405492062184,0.6940462814046214,1.0,0.016153472941550905,1.0023494623810763
stripe,circ_affine_realshift,1,5000,4500,94,69.08151149749756,0.17141656558853327,0.004102895868176132,0.7112936844324051,1.0,0.029167419757633893,1.0021811486644283
stripe,circ_affine_realshift,2,5000,4500,126,60.41522789001465,0.19366632568603215,0.004846263637900944,0.5957913555147465,1.0,0.013073932123053494,1.0066594908987077
stripe,circ_affine_realshift,3,5000,4500,74,33.13824272155762,0.1867086478853342,0.004540693630459769,0.6839010619660223,1.0,0.03655164073222606,0.9963795516753488
stripe,circ_affine_realshift,4,5000,4500,99,46.40723633766174,0.1313283671689985,0.003634716247386232,0.7374845365139984,1.0,0.0240024825557641,1.009698209428436
stripe,circ_affine_realshift,5,5000,4500,100,49.092963218688965,0.16583980053192682,0.004329184529029726,0.684687250750367,1.0,0.026246060515373128,0.9987087388099862
stripe,circ_affine_realshift,6,5000,4500,69,26.03766632080078,0.16338903518902995,0.003992743501627596,0.718141523110905,1.0,0.02558458177336998,0.9949848722348886
stripe,circ_affine_realshift,7,5000,4500,64,22.51303005218506,0.12863678737648995,0.0036115008836839183,0.7700187648767036,1.0,0.07369178128150021,1.0117926976274205
stripe,circ_affine_realshift,8,5000,4500,69,24.159215688705444,0.1095088013477401,0.003299171404831307,0.7810883478516727,1.0,0.03377100321323945,0.9937499795502938
stripe,circ_spline,1,5000,4500,73,22.733394861221313,0.141635802737295,0.0041242017611654355,0.7233980942712341,1.0,0.027899017558690713,0.965450068960505
stripe,circ_spline,2,5000,4500,69,24.19740629196167,0.1918203098035401,0.004458673865737366,0.6752114693457318,1.0,0.031010778154991,0.9692605152604848
stripe,circ_spline,3,5000,4500,108,52.20920157432556,0.34921021743060326,0.00618906808696654,0.5044657531779129,1.0,0.018639657951435698,0.9714530744254284
stripe,circ_spline,4,5000,4500,58,37.177730560302734,0.18562461924085596,0.00414893965759704,0.6693254553552902,1.0,0.02360871139752025,0.9934057913714673
stripe,circ_spline,5,5000,4500,82,58.306710958480835,0.1925580982280404,0.004526043426168514,0.6652722812550566,1.0,0.019016978296956803,0.9976000375672659
stripe,circ_spline,6,5000,4500,86,37.36740326881409,0.24423681291329605,0.0052800762627606595,0.5947951632771046,1.0,0.021294613359993005,0.9467627963439142
stripe,circ_spline,7,5000,4500,67,36.33980464935303,0.12935471260317832,0.003900793540525149,0.7611631381877482,1.0,0.03251352930861607,0.9629680044364601
stripe,circ_spline,8,5000,4500,90,40.77687859535217,0.14772066630793373,0.004044076386441753,0.6902863887362792,1.0,0.020821678062501105,0.9758657628627688
stripe,circ_spline_noshift,1,5000,4500,73,22.696208238601685,0.14990160491806206,0.004408598963350874,0.6144005680554592,1.0,0.009402347131244226,0.9546077287888096
stripe,circ_spline_noshift,2,5000,4500,91,36.71599984169006,0.2342612379050797,0.005256850659732242,0.6053554352815261,1.0,0.022481096279492678,0.9693330247953929
stripe,circ_spline_noshift,3,5000,4500,120,39.97981238365173,0.3741804934287188,0.006079045290711741,0.2734112170551913,1.0,0.003592634963739215,0.9817971800255302
stripe,circ_spline_realshift,1,5000,4500,56,17.5876305103302,0.1670126763973826,0.004052897644219092,0.6957853771061051,1.0,0.0405264335965603,0.9849907087389951
stripe,circ_spline_realshift,2,5000,4500,110,37.12488794326782,0.16761500844722446,0.004408809004420039,0.6452466330784005,1.0,0.017524194054462237,1.0192146501179458
stripe,circ_spline_realshift,3,5000,4500,66,33.59422564506531,0.16838823331834052,0.0039326824168188085,0.7115072535018399,1.0,0.04170417352373999,0.9844200248989017
stripe,circ_spline_realshift,4,5000,4500,82,48.95212650299072,0.156485802049732,0.003938573128484705,0.588767140791778,1.0,0.007770163562462289,1.0134651723517205
stripe,circ_spline_realshift,5,5000,4500,93,60.728001832962036,0.1613915252757699,0.004310862649154704,0.6692090096226746,1.0,0.015333376031687978,0.9809731956846764
stripe,circ_spline_realshift,6,5000,4500,140,72.79827237129211,0.32447304033028823,0.005975880813409447,0.36638144518184435,1.0,0.007493460052237754,0.998339862319011
stripe,circ_spline_realshift,7,5000,4500,55,28.792645692825317,0.13376994347342522,0.0035613912044473004,0.7525980299457424,1.0,0.04029280476721847,0.9841945936301987
stripe,circ_spline_realshift,8,5000,4500,78,41.99675488471985,0.13750747266484065,0.003810867510496671,0.7373671983089556,1.0,0.02660596021214298,0.9639589379771426
stripe,nsf_box,1,5000,4500,121,30.778749465942383,0.17711596569536797,0.004438967208991005,0.6695772466812795,0.97948,0.02334328912358137,0.9842676382078085
stripe,nsf_box,2,5000,4500,102,29.002954721450806,0.21675868102712179,0.004810506396288088,0.5525593193767349,0.97514,0.00949722068422276,0.9895839507286254
stripe,nsf_box,3,5000,4500,137,42.36582946777344,0.18570154812153872,0.0056785905422614994,0.6361685126963197,0.96536,0.02365179351294677,0.9852797907639906
stripe,nsf_box,4,5000,4500,88,41.554999351501465,0.19122191268430205,0.004568159625046207,0.6737200405404831,0.97478,0.03245981872621426,0.9669499990047515
stripe,nsf_box,5,5000,4500,100,59.71915864944458,0.20389197102200746,0.004765655417592657,0.6186639242824056,0.96932,0.028198319200701573,0.9870919095924462
stripe,nsf_box,6,5000,4500,119,45.56219244003296,0.16282214631394828,0.0044472995566138,0.61420875225275,0.96896,0.012378221198192325,0.9934632934129249
stripe,nsf_box,7,5000,4500,140,56.67239737510681,0.17415907862048785,0.004756483082779617,0.4847509604464363,0.98512,0.006627299415477218,0.9819480276251635
stripe,nsf_box,8,5000,4500,172,63.69517731666565,0.20000859285446335,0.005648904983765996,0.6612991609299865,0.97654,0.023405372365705713,0.982650217766206
stripe,nsf_chi,1,5000,4500,82,23.05157494544983,0.5286821665879168,0.007877733546314021,0.02208024110582079,1.0,0.0006859149359382224,0.9143331166913079
stripe,nsf_chi,2,5000,4500,71,22.3950252532959,0.5241635850146618,0.007703778032698507,0.38290220879046305,1.0,0.015603995859386845,0.8720984874285298
stripe,nsf_chi,3,5000,4500,82,29.643571615219116,0.6092516092979826,0.00784735281481051,0.18282130056233512,1.0,0.0037134182984969568,0.9112232543608527
stripe,nsf_ghost_discard,1,5000,7196,108,42.78473472595215,0.17896073722805184,0.0039029863235753846,0.43831707917425194,0.62604,0.026258547928206682,1.0150653224774542
stripe,nsf_ghost_discard,2,5000,7169,144,62.78530287742615,0.15208736218115304,0.0034236113379530137,0.46484367052641085,0.63314,0.019306034695526542,0.9929783310564684
stripe,nsf_ghost_discard,3,5000,7118,189,92.95524787902832,0.1325520712485501,0.003360411131572192,0.5178293030701457,0.64678,0.039178681797924816,0.9931622967652093
stripe,nsf_ghost_fold,1,5000,7196,108,42.78473472595215,0.2886204464484681,0.0046522264662430144,0.6036220122684105,0.99686,0.04125378560363728,1.0261344477556165
stripe,nsf_ghost_fold,2,5000,7169,144,62.78530287742615,0.24019135628951027,0.004365286283757353,0.6440339658441216,0.99754,0.030846702543685843,0.9956651342886926
stripe,nsf_ghost_fold,3,5000,7118,189,92.95524787902832,0.2075624332764577,0.004067385439322422,0.6987129796311641,0.9973,0.06532397188837145,0.9973329201753786
stripe,nsf_ghostpou_fold,1,5000,10544,113,70.29941153526306,0.1728175438885177,0.003569552858534521,0.7214168276865122,0.99348,0.07211622305328202,1.0243414888090574
stripe,nsf_ghostpou_fold,2,5000,10445,137,89.76873421669006,0.12612735777522566,0.0032982855219797773,0.7629232610739878,0.99764,0.04863970090955054,1.00498773109781
stripe,nsf_ghostpou_fold,3,5000,10291,176,129.47915172576904,0.10529483569808035,0.0030962878744591263,0.8237909985304692,0.99864,0.076881748756355,0.9967370639754375
stripe,nsf_ghostpou_fold,4,5000,10419,108,116.2862811088562,0.14833025059448013,0.0034790662110975867,0.7641826121407262,0.99604,0.05963489865088011,1.0092400617235366
stripe,nsf_ghostpou_fold,5,5000,10685,128,146.08649468421936,0.1489522563626671,0.003749018946255262,0.7636567392746381,0.99552,0.04115094394708505,1.007438844470355
stripe,nsf_ghostpou_fold,6,5000,10470,167,145.17956018447876,0.12762710468246888,0.003415874990519644,0.7619994262037755,0.99774,0.03214347120063017,1.0113234432354037
stripe,nsf_ghostpou_fold,7,5000,10666,154,143.916916847229,0.12255496329321781,0.0033159502625996267,0.7936173630098674,0.99852,0.037957367861971826,1.007581481505071
stripe,nsf_ghostpou_fold,8,5000,10625,108,86.41514444351196,0.14031052921914217,0.003248115026131609,0.7751810667849564,0.99394,0.031176222408426657,1.0046656112286758
stripe,realnvp_box,1,5000,4500,158,24.1622154712677,0.34246221919666386,0.006724156421675404,0.4460422042534268,0.95672,0.007916372566659566,1.0066280042921374
stripe,realnvp_box,2,5000,4500,134,23.902880430221558,0.2701941821875589,0.005602561534505451,0.34033279433665836,0.9474,0.004825939918926714,1.0178124892807467
stripe,realnvp_box,3,5000,4500,117,24.066903114318848,0.2791587178463038,0.006151750055332846,0.48306381499034906,0.94186,0.011433441822787662,1.0079977605051902
stripe,realnvp_chi,1,5000,4500,95,17.394556045532227,0.6796530469532885,0.008593610107472966,0.24731527934538128,1.0,0.010682401563421108,1.018031953854354
stripe,realnvp_chi,2,5000,4500,89,16.916484355926514,0.4685952203706111,0.00787035668303663,0.41488401373053785,1.0,0.020145376329266572,0.9912620102255859
stripe,realnvp_chi,3,5000,4500,80,16.093628883361816,0.6164635232531942,0.007981776266091783,0.32254885737982547,1.0,0.014783874529760046,0.9960817702507556
stripe,realnvp_ghost_discard,1,5000,7196,107,26.891672372817993,0.4214545061082872,0.006046752089815987,0.215203429954749,0.6406,0.007848991022964493,1.0059746195534474
stripe,realnvp_ghost_discard,2,5000,7169,135,34.12355661392212,0.3297043476336566,0.005717119794419216,0.2918989557873522,0.64968,0.004801911632116412,1.0026179222720546
stripe,realnvp_ghost_discard,3,5000,7118,143,39.269641160964966,0.32365456410573135,0.004844704371324791,0.39170757800998285,0.6752,0.020348060418268556,1.0083478979542568
stripe,realnvp_ghost_fold,1,5000,7196,107,26.891672372817993,0.52166451361461,0.0068075333154363335,0.2710805796992503,0.98328,0.006494369244248365,1.0018009396886065
stripe,realnvp_ghost_fold,2,5000,7169,135,34.12355661392212,0.3748670991622129,0.0052804965219997654,0.4100806261570636,0.99264,0.005940088955562072,1.0038627635640285
stripe,realnvp_ghost_fold,3,5000,7118,143,39.269641160964966,0.37837022544216964,0.005288971338927178,0.4804137753320364,0.99534,0.013271824423740319,1.0096562032701977
stripe,realnvp_ghostpou_fold,1,5000,10544,129,51.055622816085815,0.26977124197276353,0.00413833028413041,0.6745455978545597,0.99054,0.048090152616321664,1.0188166908831169
stripe,realnvp_ghostpou_fold,2,5000,10445,115,48.03917932510376,0.27656461254339454,0.004239978169130869,0.5941814468441629,0.9935,0.012254514903972077,1.0076960073183705
stripe,realnvp_ghostpou_fold,3,5000,10291,115,40.80812621116638,0.23935369184887287,0.004197195376389933,0.6286904204175863,0.99588,0.014783371132660327,1.0071447755491016
uniform,circ_affine,1,5000,4500,39,11.279666185379028,0.03209417320987966,0.0017889376880899724,0.9359178436684024,1.0,0.17584724865428755,1.0080396691765228
uniform,circ_affine,2,5000,4500,29,8.04513430595398,0.031912285500431986,0.001866577189278955,0.9300223893490743,1.0,0.15616398694004274,1.0008011298127222
uniform,circ_affine,3,5000,4500,30,9.026082992553711,0.0292524821443366,0.0017641548912958854,0.9364175877139518,1.0,0.15814448658053762,1.0069392370903738
uniform,circ_affine_realshift,1,5000,4500,31,18.078330993652344,0.026714312474940084,0.001703042331847384,0.9467123629617484,1.0,0.253343402960843,1.0110264433135414
uniform,circ_affine_realshift,2,5000,4500,33,19.09146523475647,0.028521443587208716,0.0017518062067048209,0.9403303334129558,1.0,0.2324966680831556,1.0038692447156743
uniform,circ_affine_realshift,3,5000,4500,30,16.25534152984619,0.027059130303363703,0.0017058059587254555,0.9393736041496891,1.0,0.12424771889224705,1.003458911228342
uniform,circ_affine_realshift,4,5000,4500,36,23.384986877441406,0.0315161212124579,0.0017729292224942122,0.9376009402653709,1.0,0.17807514516068004,0.99878605227442
uniform,circ_affine_realshift,5,5000,4500,30,16.470129251480103,0.026101832285269994,0.0016635540526477547,0.9460766605787714,1.0,0.21159548910305487,0.9978569501578988
uniform,circ_affine_realshift,6,5000,4500,33,15.104472875595093,0.027395367573237298,0.0016628340496902608,0.9472978712173586,1.0,0.17235259168784567,1.0030114742550187
uniform,circ_affine_realshift,7,5000,4500,33,16.035539865493774,0.03008395399946242,0.00179924586737619,0.936123280586259,1.0,0.15162343328785263,1.0098279850302854
uniform,circ_affine_realshift,8,5000,4500,30,14.35439682006836,0.030203536233905197,0.0017492324152838194,0.9392131632861744,1.0,0.17681092826247324,0.9997717855738967
uniform,circ_spline,1,5000,4500,38,13.78401517868042,0.04267564875385549,0.0023233160872151632,0.9228986072321662,1.0,0.15363702862521975,0.9738822904496716
uniform,circ_spline,2,5000,4500,30,11.998859643936157,0.036621426874066325,0.0020700698138108185,0.916628793791933,1.0,0.056810969614491405,1.0012480961866663
uniform,circ_spline,3,5000,4500,32,13.372673034667969,0.03969400781820288,0.002134361906089612,0.9121930278983992,1.0,0.08318651016505837,0.992462377329666
uniform,circ_spline,4,5000,4500,29,27.35338068008423,0.04454566036841798,0.0022251268134499255,0.9077946383543383,1.0,0.05798572737874113,0.9877492812003262
uniform,circ_spline,5,5000,4500,32,19.668639183044434,0.03860658654247214,0.002000003964901534,0.9246364430818724,1.0,0.050509030706664286,1.0029211548496144
uniform,circ_spline,6,5000,4500,31,17.206566333770752,0.039366246269678946,0.0019971973321770663,0.928258150564001,1.0,0.1682071158661925,1.012042485912951
uniform,circ_spline,7,5000,4500,30,18.29731774330139,0.03526222975152998,0.002145397887964812,0.9248707837957955,1.0,0.12055609224888078,1.0013213899845257
uniform,circ_spline,8,5000,4500,45,20.690063953399658,0.051977580008509994,0.0023484733546034206,0.8882753490394323,1.0,0.04830008293190498,0.9867496298159234
uniform,circ_spline_noshift,1,5000,4500,40,14.42352032661438,0.0430470383574703,0.0025157427299239235,0.9083068328668006,1.0,0.049366428646422246,0.9465467747586661
uniform,circ_spline_noshift,2,5000,4500,33,11.294238090515137,0.03422191923227403,0.0021545913539379306,0.9278902224585285,1.0,0.057098934359034376,0.947802307779618
uniform,circ_spline_noshift,3,5000,4500,31,11.643500804901123,0.04711089085767736,0.0022986600392753817,0.9247069847283368,1.0,0.08376324188224346,0.9308976951377556
uniform,circ_spline_realshift,1,5000,4500,36,12.90364384651184,0.042785440080378316,0.0023176196397354724,0.911615922286359,1.0,0.1004975375768981,1.0068729754682033
uniform,circ_spline_realshift,2,5000,4500,32,11.385963201522827,0.03805381212797257,0.0020755538296284284,0.9103341434861145,1.0,0.04181123450039059,1.0058559805241563
uniform,circ_spline_realshift,3,5000,4500,29,11.077321290969849,0.048720277778606325,0.002369199487435811,0.9007620543819936,1.0,0.09382993131495078,1.0242956599140425
uniform,circ_spline_realshift,4,5000,4500,34,26.2894287109375,0.04661181534907746,0.0022003543346379322,0.9119350614252477,1.0,0.08822948073269452,0.9801602668606689
uniform,circ_spline_realshift,5,5000,4500,40,18.7103111743927,0.05061896075282981,0.002283090588947301,0.9007967043825796,1.0,0.1111889927326384,0.9810682571071417
uniform,circ_spline_realshift,6,5000,4500,31,15.395148038864136,0.03594914171550262,0.0019612599296323454,0.8781920696566617,1.0,0.019408281250297955,1.0264023984725135
uniform,circ_spline_realshift,7,5000,4500,34,16.96962594985962,0.04333724138635665,0.0024030869928565223,0.9069084225771221,1.0,0.06587172964108368,0.9709598518303889
uniform,circ_spline_realshift,8,5000,4500,47,21.86450171470642,0.05514334856033647,0.0024237716789386916,0.8890291358706186,1.0,0.12280117377297756,0.9940300133527447
uniform,nsf_box,1,5000,4500,50,18.05017614364624,0.044092389979894016,0.002602857504293691,0.8886960729873639,0.9778,0.056601363763749614,0.9728151691197837
uniform,nsf_box,2,5000,4500,52,14.19821310043335,0.04987934237383785,0.002603128777853402,0.17084289210532097,0.97852,0.002059183804325651,0.9938588904156938
uniform,nsf_box,3,5000,4500,43,13.85107159614563,0.07925011442247797,0.003544955859665656,0.8162734442021018,0.9737,0.04577012793034552,0.9475408574628807
uniform,nsf_box,4,5000,4500,45,28.75721764564514,0.044661307913676916,0.002642506709328911,0.8859611950742868,0.97592,0.08050260150020734,0.9596186325943403
uniform,nsf_box,5,5000,4500,47,19.34828805923462,0.033102827496962105,0.0020988434189233318,0.8767518138519186,0.97544,0.031320600738747296,1.0016372717347775
uniform,nsf_box,6,5000,4500,60,23.117061376571655,0.06329324144954544,0.00324481855492679,0.8129317785382632,0.98352,0.026727980026991154,0.9495524961510632
uniform,nsf_box,7,5000,4500,59,25.020590782165527,0.07423488226774823,0.003842544914263678,0.8392420863216182,0.98432,0.03438409121834825,0.9485003613651724
uniform,nsf_box,8,5000,4500,46,16.7787024974823,0.04577362442446527,0.0024210798705759473,0.8691169851255292,0.97508,0.04805134948093417,0.9892905229973347
uniform,nsf_chi,1,5000,4500,34,10.606456995010376,0.09205703685232597,0.0038086852512060074,0.8161752264231686,1.0,0.02742620525754101,0.7736722056236837
uniform,nsf_chi,2,5000,4500,31,9.59202241897583,0.06842115976159571,0.0029845610993022007,0.43475815394332823,1.0,0.0041240756633276815,0.8277299035887171
uniform,nsf_chi,3,5000,4500,30,11.659045457839966,0.08246771781989896,0.0031849154639838726,0.8801178851925155,1.0,0.07594373422701613,0.8030131381593342
uniform,nsf_ghost_discard,1,5000,7074,31,13.923378705978394,0.09689209077955288,0.0016511603641775276,0.5861028240886874,0.60952,0.06709958401796354,1.1337606133389357
uniform,nsf_ghost_discard,2,5000,7106,30,14.064899921417236,0.050535376353985084,0.0014448957992158507,0.5828128793950629,0.60342,0.06985081845385739,1.054785838961017
uniform,nsf_ghost_discard,3,5000,7114,42,20.75366997718811,0.03500723463328145,0.001802313596965863,0.6084338043565751,0.63864,0.062274028570179274,0.9809691979624515
uniform,nsf_ghost_fold,1,5000,7074,31,13.923378705978394,0.13703163317572395,0.003552636345187507,0.7888272157869872,0.9933,0.10043419434968975,1.0243588810780602
uniform,nsf_ghost_fold,2,5000,7106,30,14.064899921417236,0.11637707524796621,0.003361912108604515,0.7986245719872718,0.99588,0.11593011029777503,1.013634016215303
uniform,nsf_ghost_fold,3,5000,7114,42,20.75366997718811,0.11698607043618078,0.003333497658994664,0.7943805438789204,0.99834,0.0402273386208053,1.0054272067893355
uniform,nsf_ghostpou_fold,1,5000,10150,75,47.84514117240906,0.03564972214324254,0.0022572116688345197,0.9245347651952205,0.99706,0.08702496011337874,1.0038902264545462
uniform,nsf_ghostpou_fold,2,5000,10222,55,34.3425555229187,0.027326985547042524,0.0020141120051213406,0.9385711580443883,0.9943,0.09215500818761675,0.9990634205957359
uniform,nsf_ghostpou_fold,3,5000,10213,64,51.38605237007141,0.04237985199283431,0.002194965783078392,0.9199252371587654,0.99586,0.14074841945205713,1.0048806520373312
uniform,nsf_ghostpou_fold,4,5000,10125,70,84.74180126190186,0.02887969482548434,0.0015790478979455054,0.9430928544739128,0.99396,0.10572085982622688,0.9999250105752527
uniform,nsf_ghostpou_fold,5,5000,10159,70,64.72634506225586,0.03673744883241056,0.0019472205173239623,0.9321919157435689,0.99434,0.1416032087981351,1.0101507983709133
uniform,nsf_ghostpou_fold,6,5000,10108,64,53.10849642753601,0.03437741379757357,0.0018739870413636635,0.9290474428355089,0.99692,0.194671672614246,1.0051319086803325
uniform,nsf_ghostpou_fold,7,5000,10226,72,53.917447566986084,0.03281949822683695,0.0021790888611271774,0.9051184710723423,0.99548,0.03286862156220503,1.0052403531305845
uniform,nsf_ghostpou_fold,8,5000,9914,65,42.67655563354492,0.03922159624673793,0.001964779242462987,0.9169622101130626,0.99258,0.17636759705158886,1.010967830820646
uniform,realnvp_box,1,5000,4500,108,22.37259817123413,0.05838993271864249,0.002997502112249375,0.7901434380726496,0.93554,0.03197254478002949,1.0131358889161501
uniform,realnvp_box,2,5000,4500,73,11.49411940574646,0.07486257174195136,0.003239858360493925,0.7767879924530106,0.96046,0.02531611445946782,1.020993765377137
uniform,realnvp_box,3,5000,4500,69,12.207214832305908,0.06280675614626353,0.0027907452926313964,0.8125757419959683,0.95118,0.035828637035282926,1.0037689639798177
uniform,realnvp_chi,1,5000,4500,35,11.581090211868286,0.01988076462694603,0.0015003323287234931,0.9593551236741665,1.0,0.05994970605314268,1.009226422689884
uniform,realnvp_chi,2,5000,4500,35,6.18532395362854,0.0135998082811117,0.0011650798425932947,0.9727461882119259,1.0,0.17373800788183194,1.0080039473653293
uniform,realnvp_chi,3,5000,4500,37,8.097466945648193,0.023361067801206947,0.001486830057500714,0.9605735933169762,1.0,0.1605766705142365,1.0062269067018599
uniform,realnvp_ghost_discard,1,5000,7074,146,41.71182465553284,0.013616205425715608,0.0015419553645937521,0.6265293763288936,0.65512,0.1257619769597719,1.0041897709204368
uniform,realnvp_ghost_discard,2,5000,7106,66,17.2403507232666,0.02432230596839077,0.0018368426011730538,0.60064923573259,0.6423,0.056152466242111024,1.0108565584124645
uniform,realnvp_ghost_discard,3,5000,7114,68,19.829948663711548,0.022380533170175104,0.001508513278109942,0.635548994412525,0.66872,0.05867261724399936,1.0136519572276743
uniform,realnvp_ghost_fold,1,5000,7074,146,41.71182465553284,0.07241634792214385,0.002624537738036173,0.8686310839808509,0.99586,0.08379083706596208,1.0000591999634476
uniform,realnvp_ghost_fold,2,5000,7106,66,17.2403507232666,0.07613663029090909,0.0028161530775244817,0.8497820406589751,0.99284,0.08443377976847143,0.9992468833656707
uniform,realnvp_ghost_fold,3,5000,7114,68,19.829948663711548,0.08502877209019699,0.002806153654789949,0.8542101399446907,0.99752,0.12239259545374732,0.9985948959054857
uniform,realnvp_ghostpou_fold,1,5000,10150,109,38.063881635665894,0.018004393108291522,0.0013824592442343152,0.9624423377073559,0.99762,0.17919528052418748,0.9994061488582321
uniform,realnvp_ghostpou_fold,2,5000,10222,91,36.91949439048767,0.022863915821079238,0.00165373551848228,0.9504578978664083,0.99652,0.14856462199370057,0.9962088576251176
uniform,realnvp_ghostpou_fold,3,5000,10213,80,34.978302240371704,0.02868916044224349,0.001707423691612894,0.94120797392947,0.99788,0.13524134631935744,1.0054247006051866
