case,config,seed,nlive,log_z,log_z_err,n_likelihood,sampling_time,wall,n_posterior,ks_phi,ks_psi,ks_x,ks_y,ks_phi+2psi
multimodal,box,1,500,-0.10930608422590993,0.08487318678009156,18892,51.659188,56.8620719909668,1899,0.6131618911619676,0.11299771293008631,0.4913662302009262,0.6487693111196722,0.2790910686546947
multimodal,box,2,500,0.057977303498364385,0.082908664073067,17800,26.735098,30.49356698989868,1924,0.8767391226415532,0.034039290570641034,0.1256338958777533,0.6341476815628627,0.3333674392459819
multimodal,box-lpt,1,500,-0.08483451039101908,0.0845994197140638,19317,52.286354,55.924442768096924,1903,0.17304270801305444,0.6814563795762174,0.5313290879930029,0.42328378806835176,0.5362298073525762
multimodal,box-lpt,2,500,0.06767235172912844,0.08319196455731356,18552,31.872564,35.49556827545166,1855,0.06832271328745376,0.33560789048116746,0.41999300126677497,0.6281975658947279,0.4809788795230152
multimodal,chi,1,500,0.2006507008022691,0.08135615606206235,21929,60.799508,67.25661540031433,1864,0.03234135091808765,0.4504768592470261,0.32142730067933345,0.5017920139486849,0.1934735977346661
multimodal,chi,2,500,0.016754128181288408,0.08400377718150644,18081,30.851326,36.12987160682678,1839,0.39050416680432964,0.6357065899822372,0.1957927000599844,0.41064955424464267,0.5057919722353961
multimodal,chi-lpt,1,500,0.16146349563478068,0.08138534565207009,30391,77.175585,81.02027225494385,1833,0.6284550088650225,0.07551889070827977,0.4990287342708746,0.7880560791644284,0.3603559920445276
multimodal,chi-lpt,2,500,-0.03762658403822439,0.0838425733884527,26823,52.815624,56.41851568222046,1797,0.6387855168904182,0.6759649683530895,0.5406513874282988,0.3167280716226746,0.48460710174589805
multimodal,circular,1,500,-0.06676022371126322,0.08420185412491486,18185,140.216973,145.45769429206848,1863,0.48023286664622655,0.6541821515422073,0.3212176347456126,0.18607836088855267,0.6688826129276888
multimodal,circular,2,500,-0.0007602379022841887,0.08296710468480412,17157,88.916266,92.59690690040588,1946,0.12363832307491407,0.899806240170991,0.304896355405864,0.4060472416482036,0.11859308802805857
multimodal,circular-real,1,500,-0.06682882539505997,0.08402011786048628,16695,102.426067,106.52808833122253,1827,0.7587560251166028,0.7748896916230932,0.14955422744731695,0.9705253268657221,0.7916231215518814
multimodal,circular-real,2,500,0.08026351817102295,0.08273057138987337,17999,68.637762,71.90127491950989,1854,0.20385177283229372,0.8783104880234117,0.8283514181211377,0.04918534310328382,0.3723940506468235
multimodal,circular-real-lpt,1,500,-0.06457999430986305,0.08428729533211053,14410,58.995123,63.31077861785889,1829,0.4720616356687686,0.14302268631063209,0.9097778096546014,0.7625899438677946,0.04485063506087794
multimodal,circular-real-lpt,2,500,-0.03180446705787432,0.08402697966508915,15640,37.973976,41.70460629463196,1886,0.29861665050391994,0.6719270817165424,0.0375333166909374,0.4250885666058246,0.059333207677700894
peak,box,1,500,0.020401679904644254,0.1282803451693623,28994,69.680413,75.06294846534729,1811,0.40675801752881413,0.056762990443741335,0.41249638575673486,0.18630026223024787,0.24989097514257386
peak,box,2,500,0.14605092723129243,0.12769803719558873,28318,49.824068,54.03168511390686,1801,0.44775159809645493,0.18203565514196685,0.3675020501176901,0.12196682639496315,0.5153597587613012
peak,box-lpt,1,500,0.0516158676491818,0.12832857871395315,30206,73.381438,77.49264812469482,1783,0.4081226205075489,0.7289944509660609,0.8160873015017759,0.6886846592351528,0.32299297052486653
peak,box-lpt,2,500,-0.04879995861751496,0.1294070879071382,40547,96.876569,100.11960196495056,1838,0.4104494613322669,0.5433737826861296,0.8770269537476759,0.5095298164310115,0.8809070628286849
peak,chi,1,500,0.26730901781267136,0.12686147232242082,89574,183.901342,189.0390965938568,1880,0.3440513471481341,0.018447527643208464,0.9066804422482879,0.008666634978437348,0.5455330374002577
peak,chi,2,500,0.1980508892410029,0.128266360730143,100511,141.092244,146.08889389038086,1663,0.20661531300627778,0.1095527593103437,0.3412202091523181,0.06831292044203852,0.32295910790770654
peak,chi-lpt,1,500,0.040287182764506824,0.12797310104863013,169508,592.465707,596.5016295909882,1835,0.8810657501323644,0.5634132664843401,0.4246994059218602,0.37648895222306755,0.2786977088423902
peak,chi-lpt,2,500,0.04956992717631348,0.1281718943453016,143821,409.087073,413.42217540740967,1810,0.029525423171950615,0.5394128312729081,0.43255150625238603,0.3105960738879472,0.8372825405934482
peak,circular,1,500,0.15524634838371565,0.1278891580587367,134419,1301.390857,1306.7061145305634,1689,0.5263435319857848,0.6168956960268002,0.7738363844267806,0.6131095321382272,0.6144173920077816
peak,circular,2,500,0.25257707171170374,0.12648489288593381,71425,450.322867,455.48262095451355,1904,0.04108054157826779,0.1260503122453518,0.38074459284274453,0.4421788222606714,0.8889897095455254
peak,circular-real,1,500,0.3330907304605084,0.12629486968990652,73930,613.629566,617.1422781944275,1841,0.3540898000477959,0.9026374677633487,0.6513980715970835,0.2521491243140437,0.5625115355754462
peak,circular-real,2,500,0.18466276794277459,0.12751419591288585,69686,443.829166,451.0528314113617,1807,0.11059762518492966,0.7807209716864938,0.04538075456673618,0.9516087689065795,0.3094954113378623
peak,circular-real-lpt,1,500,0.04591364661911168,0.12805594324038103,29182,120.414684,124.42255759239197,1809,0.8523780810985724,0.9347519489360774,0.8577167896561981,0.8327165587692937,0.3410376254002512
peak,circular-real-lpt,2,500,0.01697704161908753,0.12871965424799262,34063,140.459516,144.86631870269775,1810,0.9615208678027284,0.22040148234973977,0.9326719144247415,0.24604670338654155,0.6478302650022192
stripe,box,1,500,0.1635754875477229,0.08483431454607412,21044,47.26247,52.429386615753174,1625,0.10700108386723728,0.17546477276258576,0.7878246627276714,0.2356636204442143,0.16333030858420927
stripe,box,2,500,-0.06647357512970764,0.08747214329486847,20819,35.419912,40.9888801574707,1502,0.07377440853448813,0.33331199496632646,0.6725008599366871,0.46715588579318856,0.11541988098761247
stripe,box-lpt,1,500,0.14130962570811345,0.08468956781797161,25743,59.580215,65.61964750289917,1612,0.7562262935181507,0.5031085755648392,0.47820344114790614,0.7975228844040395,0.2529158492355249
stripe,box-lpt,2,500,-0.08950217144895234,0.08739066983370271,22346,30.219699,34.02704095840454,1601,0.008855058098926713,0.1197553699304833,0.3005216219803807,0.8437634835014525,0.12928245535608962
stripe,chi,1,500,0.2530585394758029,0.08439832061017,31468,59.610129,64.66424703598022,1588,0.22949100896391172,0.27935321845883665,0.03280080012039355,0.18371509691812338,0.018729027346825786
stripe,chi,2,500,-0.006086911984268362,0.0869017852864639,31415,49.032249,54.82774019241333,1528,0.6986313770447905,0.8184676520444949,0.9978767609589075,0.740457747953885,0.6527107396722205
stripe,chi-lpt,1,500,0.13071058871395635,0.08514736373269643,40580,130.532389,134.33459162712097,1574,0.07952911106302707,0.30965684107350544,0.3907440237508344,0.8572900582237873,0.75750131356415
stripe,chi-lpt,2,500,-0.02313254281671462,0.08686541158551335,47376,90.406046,94.48564338684082,1644,0.4177391130007304,0.30738371483842375,0.4044532964252665,0.6167953527543044,0.2614339725653413
stripe,circular,1,500,0.16905153420871333,0.08470460374879715,27437,213.821295,218.81560158729553,1567,0.6459244151294073,0.012039159627176181,0.26265773489439737,0.6185940762125357,0.7092232179872993
stripe,circular,2,500,-0.049588048643268934,0.08725903356067874,26086,117.044094,122.80334496498108,1592,0.6525580580656165,0.6259370897636691,0.02252237526029864,0.2127808431182452,0.3543950704991943
stripe,circular-real,1,500,0.20258108626250326,0.08450364598818613,19447,96.729253,100.30148315429688,1539,0.5115775971625484,0.08033164824038153,0.7387348363774411,0.5859564758343274,0.9786767820304838
stripe,circular-real,2,500,-0.04309365114274666,0.08716134665216396,25771,140.263248,145.1489930152893,1517,0.17293261456038123,0.5868648479232751,0.9439237713508675,0.4257673004566751,0.09233298606345819
stripe,circular-real-lpt,1,500,0.23808873916614104,0.08421301830171095,20867,67.542226,71.96310615539551,1610,0.6521900128933921,0.35901035124721414,0.7592297390880854,0.414600549629355,0.9978480404819638
stripe,circular-real-lpt,2,500,-0.036870066611979446,0.08695853008629668,22219,74.864671,78.21830773353577,1583,0.30379943712191415,0.15789871869255012,0.9654802551341936,0.05790965385774127,0.9283972574497048
uniform,box,1,500,-0.18504456605820252,0.07460893376158656,9134,19.225565,25.64996576309204,1372,0.4384099942975872,0.11608389001064734,0.11728193626566707,0.41347042003177326,0.8699727441236632
uniform,box,2,500,0.0008673217412376033,0.07235639542865122,7858,13.769741,17.961829662322998,1336,0.32584949426763987,0.04910485479909488,0.34677617402021366,0.19200589261082512,0.7331659307030727
uniform,box-lpt,1,500,-0.1451354196450314,0.07429485373317996,8657,11.724951,16.655597686767578,1357,0.4792362296060271,0.719800760524081,0.09299198473035952,0.7590061040423739,0.9865995276780947
uniform,box-lpt,2,500,-0.05208187876115389,0.072435431572744,8792,13.299585,17.010019302368164,1390,0.06105910281419735,0.42433809399166544,0.29951558823158375,0.693886415384318,0.7637583942396908
uniform,chi,1,500,0.1266468824994078,0.07128808848268763,9705,18.782905,23.426812648773193,1334,0.4392986205338134,0.6608755040096495,0.8273928868706848,0.40424269053692163,0.2675252260580818
uniform,chi,2,500,-0.007523188238725886,0.07348084127711377,9787,13.957469,17.657968521118164,1303,0.5971863266465349,0.0037294699030618566,0.04174643167031078,0.4711334174654739,0.4927017954895033
uniform,chi-lpt,1,500,0.13889061104737177,0.0711504845966923,10569,18.593897,21.92359709739685,1290,0.2778092649520898,0.5189257186549266,0.737419603669158,0.4472023158733264,0.6064793339617565
uniform,chi-lpt,2,500,-0.0043989943049345115,0.07332959321019349,10686,14.648693,19.080209016799927,1277,0.9791300461827352,0.8325885832124502,0.34039229019129347,0.2615272673191107,0.22399005176912723
uniform,circular,1,500,-0.17410422693132332,0.07442010486084186,7811,33.658016,38.21875596046448,1359,0.37068108408831824,0.47578742506666705,0.3011705898441247,0.24960904339223278,0.0390637846139017
uniform,circular,2,500,-0.0032374712839580155,0.07247516435925144,7534,20.333245,24.38527202606201,1372,0.7632767489471419,0.2709917620469189,0.8132284333989126,0.56767193631699,0.11151500736783904
uniform,circular-real,1,500,-0.15073861518107634,0.07431232807565791,7803,23.43542,27.976418256759644,1311,0.3376873271883438,0.82538508996127,0.41894274110060836,0.2225699557682812,0.31670302187378474
uniform,circular-real,2,500,0.03757314209638096,0.07247673170643774,7539,24.874464,28.064693927764893,1333,0.4493152444264239,0.900179229001651,0.46507474260285653,0.6923006812733079,0.9723536343938364
uniform,circular-real-lpt,1,500,-0.15394432147606096,0.07418124095257617,7995,25.547807,29.004901885986328,1397,0.39658137354722267,0.5652492128006071,0.38011251784410616,0.8247896338517828,0.7915261479305211
uniform,circular-real-lpt,2,500,-0.006046787577183466,0.07253926768445824,8401,20.45959,23.62779474258423,1302,0.3748443995578712,0.7896249217204996,0.4546242795016514,0.3216480412258296,0.1231135192733801
