case,method,kl,kl_max,ess,ess_min,inside,zhat,epochs,time,n
uniform,realnvp_box,0.06280675614626353,0.07486257174195136,0.7901434380726496,0.7767879924530106,0.95118,1.0131358889161501,73.0,12.207214832305908,3
uniform,realnvp_chi,0.01988076462694603,0.023361067801206947,0.9605735933169762,0.9593551236741665,1.0,1.0080039473653293,35.0,8.097466945648193,3
uniform,realnvp_ghost_discard,0.022380533170175104,0.02432230596839077,0.6265293763288936,0.60064923573259,0.65512,1.0108565584124645,68.0,19.829948663711548,3
uniform,realnvp_ghost_fold,0.07613663029090909,0.08502877209019699,0.8542101399446907,0.8497820406589751,0.99586,0.9992468833656707,68.0,19.829948663711548,3
uniform,nsf_box,0.04782648339915156,0.07925011442247797,0.8541795357235737,0.17084289210532097,0.9768600000000001,0.966216900857062,48.5,18.69923210144043,8
uniform,nsf_chi,0.08246771781989896,0.09205703685232597,0.8161752264231686,0.43475815394332823,1.0,0.8030131381593342,31.0,10.606456995010376,3
uniform,nsf_ghost_discard,0.050535376353985084,0.09689209077955288,0.5861028240886874,0.5828128793950629,0.60952,1.054785838961017,31.0,14.064899921417236,3
uniform,nsf_ghost_fold,0.11698607043618078,0.13703163317572395,0.7943805438789204,0.7888272157869872,0.99588,1.013634016215303,31.0,14.064899921417236,3
uniform,realnvp_ghostpou_fold,0.022863915821079238,0.02868916044224349,0.9504578978664083,0.94120797392947,0.99762,0.9994061488582321,91.0,36.91949439048767,3
uniform,nsf_ghostpou_fold,0.035013567970408055,0.04237985199283431,0.9267911040153647,0.9051184710723423,0.99491,1.005006280358832,67.5,52.24727439880371,8
uniform,circ_affine,0.031912285500431986,0.03209417320987966,0.9359178436684024,0.9300223893490743,1.0,1.0069392370903738,30.0,9.026082992553711,3
uniform,circ_affine_realshift,0.027958405580223007,0.0315161212124579,0.9398519687813225,0.936123280586259,1.0,1.0032351927416805,32.0,16.362735390663147,8
uniform,circ_spline,0.03953012704394091,0.051977580008509994,0.9197637005120496,0.8882753490394323,1.0,0.9968552367581662,31.5,17.751942038536072,8
uniform,circ_spline_realshift,0.04497452836771705,0.05514334856033647,0.9038525634798509,0.8781920696566617,1.0,0.9999429969384505,34.0,16.182386994361877,8
uniform,circ_spline_noshift,0.0430470383574703,0.04711089085767736,0.9247069847283368,0.9083068328668006,1.0,0.9465467747586661,33.0,11.643500804901123,3
peak,realnvp_box,1.576196498285126,2.167301398150111,0.26746124858599646,0.05948573347457005,0.96078,1.0254835232189732,53.0,9.108788251876831,3
peak,realnvp_chi,0.5320777082212725,0.6370302059590457,0.2802405536655515,0.14056540877544746,1.0,1.0118354781181607,121.0,20.463130474090576,3
peak,realnvp_ghost_discard,0.3365176252816753,0.44816095160443736,0.4029390038558142,0.3414241117277198,0.66882,1.0127407069652163,124.0,28.161473035812378,3
peak,realnvp_ghost_fold,0.33958566132948,0.45342818835815735,0.5632184128873781,0.5020527521436329,0.99714,1.0346087661824115,124.0,28.161473035812378,3
peak,nsf_box,0.15868961844841423,0.5718692584329783,0.7674719469125167,0.4132974374120768,0.97949,1.0126032055887588,67.0,28.242650508880615,8
peak,nsf_chi,0.35683713752083485,0.40484688004334357,0.39190005003122375,0.3749492197749539,1.0,1.009061419986362,111.0,30.96051526069641,3
peak,nsf_ghost_discard,0.25016124642711596,0.847782464220221,0.5134441600382759,0.4358398712359608,0.66036,1.0444208031581625,63.0,27.852903366088867,3
peak,nsf_ghost_fold,0.2496676187156945,0.5939575179256702,0.173329792191606,0.019387507174299247,0.9984,1.431704151633844,63.0,27.852903366088867,3
peak,realnvp_ghostpou_fold,0.2936301120243148,0.856589875382579,0.02811762905108864,0.0042127300612463565,0.99706,1.400983277719799,128.0,42.15955090522766,3
peak,nsf_ghostpou_fold,0.17334358829300098,0.40076039511151,0.5258898331499827,0.01607743121106901,0.9941599999999999,1.2985473898452913,73.5,51.10501182079315,8
peak,circ_affine,0.16412564470050833,0.44968278500485714,0.8177881477520538,0.7769118702311028,1.0,1.00869397408902,97.0,34.0943603515625,3
peak,circ_affine_realshift,0.1478832374528093,0.2781820630086945,0.8093799400925024,0.6781275564729617,1.0,1.0108931679030833,110.5,53.85192120075226,8
peak,circ_spline,0.13079680246577735,0.7094358439033059,0.8074194975395854,0.44200539200978367,1.0,1.015874209400688,93.0,45.62689387798309,8
peak,circ_spline_realshift,0.12680179682837006,0.18090242224755637,0.7763134907663229,0.507253304656001,1.0,1.0294461596478888,85.0,42.666086196899414,8
peak,circ_spline_noshift,0.11720951287198358,0.12814225817201635,0.8223777889449883,0.7625118444912696,1.0,1.0083130696202254,126.0,42.40314340591431,3
multimodal,realnvp_box,0.34432746364891453,0.5058080689628603,0.4766816969106517,0.3368005740756942,0.94718,1.0123565398986112,98.0,29.601268768310547,3
multimodal,realnvp_chi,0.3753591854908149,0.3777629885044255,0.5096840910925567,0.48614571807884166,1.0,1.0121048353061963,60.0,12.885526895523071,3
multimodal,realnvp_ghost_discard,0.2603080002814638,0.3407869301122144,0.33861090178045766,0.1875732485743724,0.59098,0.9993189339292985,135.0,47.54252004623413,3
multimodal,realnvp_ghost_fold,0.30289896238537933,0.39235505130220627,0.4868347140586891,0.4255959072056222,0.99568,1.0003757823731012,135.0,47.54252004623413,3
multimodal,nsf_box,0.0939936236079361,0.12413226677841567,0.7588426004768354,0.42972062071835593,0.97166,0.9655398926236134,60.0,25.81013596057892,8
multimodal,nsf_chi,0.2989622600652855,0.3433192507091134,0.5743860948062084,0.48122821224742374,1.0,0.7836969576319609,49.0,19.106529235839844,3
multimodal,nsf_ghost_discard,0.05882895429948326,0.06295241440762947,0.49190395412806015,0.4863053796591936,0.57284,0.9582133256792351,74.0,34.092682123184204,3
multimodal,nsf_ghost_fold,0.14458349204194065,0.14792854801720678,0.752057281237658,0.7362727601362343,0.9977,0.9976084105438118,74.0,34.092682123184204,3
multimodal,realnvp_ghostpou_fold,0.190334650984226,0.3575331014901196,0.7071255305763224,0.4892828483936282,0.99688,1.0117510035728248,97.0,35.05777645111084,3
multimodal,nsf_ghostpou_fold,0.05469333121550045,0.06826424897610611,0.8938365445649588,0.8712550629518947,0.99673,1.0054924872565834,74.5,67.25771582126617,8
multimodal,circ_affine,0.06776237395270322,0.0801304896047111,0.8532664668388554,0.836868878843819,1.0,1.014279434649327,38.0,11.4929358959198,3
multimodal,circ_affine_realshift,0.06648046226363112,0.11170262840943358,0.8681596840693726,0.6643900041786402,1.0,1.0170778935321412,47.5,24.821926712989807,8
multimodal,circ_spline,0.07487787262583044,0.10323682461934114,0.8586845003588338,0.7620602676185326,1.0,0.977575641585563,44.5,21.432043194770813,8
multimodal,circ_spline_realshift,0.06971576290608328,0.09261682843797896,0.8474179289596808,0.6974628656039336,1.0,0.996432398382339,43.5,18.875539541244507,8
multimodal,circ_spline_noshift,0.11322299898022602,0.11402217268252329,0.7818623352037469,0.6752834397371204,1.0,0.9567231391892226,39.0,13.971145391464233,3
stripe,realnvp_box,0.2791587178463038,0.34246221919666386,0.4460422042534268,0.34033279433665836,0.9474,1.0079977605051902,134.0,24.066903114318848,3
stripe,realnvp_chi,0.6164635232531942,0.6796530469532885,0.32254885737982547,0.24731527934538128,1.0,0.9960817702507556,89.0,16.916484355926514,3
stripe,realnvp_ghost_discard,0.3297043476336566,0.4214545061082872,0.2918989557873522,0.215203429954749,0.64968,1.0059746195534474,135.0,34.12355661392212,3
stripe,realnvp_ghost_fold,0.37837022544216964,0.52166451361461,0.4100806261570636,0.2710805796992503,0.99264,1.0038627635640285,135.0,34.12355661392212,3
stripe,nsf_box,0.18846173040292039,0.21675868102712179,0.6274162184893626,0.4847509604464363,0.97496,0.9847737144858996,120.0,43.9640109539032,8
stripe,nsf_chi,0.5286821665879168,0.6092516092979826,0.18282130056233512,0.02208024110582079,1.0,0.9112232543608527,82.0,23.05157494544983,3
stripe,nsf_ghost_discard,0.15208736218115304,0.17896073722805184,0.46484367052641085,0.43831707917425194,0.63314,0.9931622967652093,144.0,62.78530287742615,3
stripe,nsf_ghost_fold,0.24019135628951027,0.2886204464484681,0.6440339658441216,0.6036220122684105,0.9973,0.9973329201753786,144.0,62.78530287742615,3
stripe,realnvp_ghostpou_fold,0.26977124197276353,0.27656461254339454,0.6286904204175863,0.5941814468441629,0.9935,1.0076960073183705,115.0,48.03917932510376,3
stripe,nsf_ghostpou_fold,0.13396881695080554,0.1728175438885177,0.7639196757076822,0.7214168276865122,0.99684,1.007510162987713,132.5,122.88271641731262,8
stripe,circ_affine,0.17467225151401697,0.25062790188556366,0.6446495418414175,0.5201565364547514,1.0,1.0023494623810763,86.0,24.067073345184326,3
stripe,circ_affine_realshift,0.16461441786047837,0.19366632568603215,0.714717603771655,0.5957913555147465,1.0,1.0004449437372074,84.0,39.77273952960968,8
stripe,circ_spline,0.18872246452219804,0.34921021743060326,0.6722684623505111,0.5044657531779129,1.0,0.9703567948429566,77.5,37.27256691455841,8
stripe,circ_spline_realshift,0.16420210083657624,0.32447304033028823,0.6824971933643899,0.36638144518184435,1.0,0.9847053668189484,80.0,39.560821413993835,8
stripe,circ_spline_noshift,0.2342612379050797,0.3741804934287188,0.6053554352815261,0.2734112170551913,1.0,0.9693330247953929,91.0,36.71599984169006,3
